{
  "H1": {
    "horizon": 1,
    "fold": 1,
    "test_pinball_avg": 0.5264874172933174,
    "P50_MAE": 1.76759934425354,
    "P50_RMSE": 2.23627513839384,
    "pinball_P10": 0.6741555333137512,
    "pinball_P50": 0.88379967212677,
    "pinball_P90": 0.45868775248527527,
    "pinball_P99": 0.08930660784244537,
    "coverage_P10_P90": 0.4345407196969697,
    "width_P10_P90": 3.0069899559020996,
    "winkler_P10_P90": 11.3284330368042
  }
}